fold,history_window,model,MAE,RMSE,R2,training_time,inference_time,n_train,n_test,fold_test_start,fold_test_end
0,1,Persistence (baseline),2.769230769230769,3.6584990617212663,-1.098330241187384,0.0,0.0,646,13,2002-12-17,2003-03-12
0,1,XGBoost,3.1262084520780125,3.981158371786061,-1.4847737614377907,0.013506209001207026,0.00030941699878894724,646,13,2002-12-17,2003-03-12
0,1,LightGBM,3.0856414663357397,3.898795328071133,-1.3830262028960956,0.008054917001572903,0.0002602500026114285,646,13,2002-12-17,2003-03-12
1,1,Persistence (baseline),2.5384615384615383,3.584153156068229,-0.31735436893203883,0.0,0.0,659,13,2003-03-19,2003-06-11
1,1,XGBoost,3.0735826859107385,4.230613079747604,-0.8354227598057191,0.013035624997428386,0.00021924999964539893,659,13,2003-03-19,2003-06-11
1,1,LightGBM,3.1445924725610004,4.336902323093501,-0.9288070251511487,0.007593250000354601,0.00023266700009116903,659,13,2003-03-19,2003-06-11
2,1,Persistence (baseline),5.6923076923076925,6.373020054525532,0.16026425250795195,0.0,0.0,672,13,2003-06-18,2003-09-10
2,1,XGBoost,5.900450853201059,6.764784483580741,0.05384998293726262,0.012467125001421664,0.00021483300224645063,672,13,2003-06-18,2003-09-10
2,1,LightGBM,5.86049276299645,6.735713671974424,0.06196443168961119,0.007624792000569869,0.00023508400045102462,672,13,2003-06-18,2003-09-10
3,1,Persistence (baseline),5.461538461538462,6.366982137438548,0.14018574297188757,0.0,0.0,685,13,2003-09-17,2003-12-10
3,1,XGBoost,5.963687456571138,6.746766026114731,0.034552465351157635,0.01258195799891837,0.0002156249975087121,685,13,2003-09-17,2003-12-10
3,1,LightGBM,5.672681513717307,6.505392154930799,0.10239690284706993,0.007635583999217488,0.00023262499962584116,685,13,2003-09-17,2003-12-10
4,1,Persistence (baseline),4.769230769230769,5.629592142625227,-0.08729192042224931,0.0,0.0,698,13,2003-12-17,2004-03-11
4,1,XGBoost,4.393163350912241,5.177905711071489,0.08018482005395877,0.012519042000349145,0.00021795900102006271,698,13,2003-12-17,2004-03-11
4,1,LightGBM,4.401751120120776,5.196254468701153,0.07365423769976798,0.007680458002141677,0.0002384590006840881,698,13,2003-12-17,2004-03-11
5,1,Persistence (baseline),3.3846153846153846,4.076197322920545,-0.09601873536299754,0.0,0.0,711,13,2004-03-18,2004-06-10
5,1,XGBoost,3.735365244058462,4.4010408241428545,-0.27766904634873923,0.012608542001544265,0.00021950000154902227,711,13,2004-03-18,2004-06-10
5,1,LightGBM,3.7930760668641246,4.438269649018925,-0.29937632071859244,0.007679583002754953,0.00023225000040838495,711,13,2004-03-18,2004-06-10
6,1,Persistence (baseline),5.538461538461538,6.9724733499228675,-1.3261608154020381,0.0,0.0,724,13,2004-06-17,2004-09-09
6,1,XGBoost,5.247150861299955,6.441955465287,-0.9856442657500668,0.012684124998486368,0.00021066599947516806,724,13,2004-06-17,2004-09-09
6,1,LightGBM,5.268299132589005,6.442058357818259,-0.9857076966748575,0.007703083003434585,0.00023454099937225692,724,13,2004-06-17,2004-09-09
7,1,Persistence (baseline),6.461538461538462,8.00960961307392,-0.8822916666666667,0.0,0.0,737,13,2004-09-16,2004-12-09
7,1,XGBoost,6.182562974783091,7.884599878984782,-0.8239945620720619,0.012605625001015142,0.00021395799922174774,737,13,2004-09-16,2004-12-09
7,1,LightGBM,6.154827742734133,7.843319141673464,-0.8049450905774118,0.007737415999145014,0.00023225000040838495,737,13,2004-09-16,2004-12-09
8,1,Persistence (baseline),3.230769230769231,4.437601569801833,-0.526605504587156,0.0,0.0,750,13,2004-12-16,2005-03-12
8,1,XGBoost,3.5588507652282715,4.612352234167612,-0.6492068987675379,0.012666292001085822,0.00021462500080815516,750,13,2004-12-16,2005-03-12
8,1,LightGBM,3.594121041508736,4.634937021064118,-0.6653974132935745,0.0077776670004823245,0.00023375000091618858,750,13,2004-12-16,2005-03-12
9,1,Persistence (baseline),3.5384615384615383,4.385290096535146,0.316365166175852,0.0,0.0,763,13,2005-03-19,2005-06-11
9,1,XGBoost,3.340057739844689,4.384473220026311,0.3166198326683608,0.012770500001352048,0.0002332500007469207,763,13,2005-03-19,2005-06-11
9,1,LightGBM,3.397229018853375,4.446989178663101,0.29699296263782193,0.007858291999582434,0.0002365000000281725,763,13,2005-03-19,2005-06-11
10,1,Persistence (baseline),12.846153846153847,16.661794159555107,0.830135190911,0.0,0.0,776,13,2005-06-18,2005-09-10
10,1,XGBoost,15.437795785757212,18.36782196818963,0.7935688612989278,0.01276779099862324,0.00022212499970919453,776,13,2005-06-18,2005-09-10
10,1,LightGBM,13.131930765448592,16.941043180393983,0.8243936628165056,0.007995459000085248,0.0002384590006840881,776,13,2005-06-18,2005-09-10
11,1,Persistence (baseline),10.384615384615385,13.958730380881846,0.5238446411012783,0.0,0.0,789,13,2005-09-17,2005-12-10
11,1,XGBoost,13.123414846567007,16.556823400067994,0.33009862071149876,0.012909958997624926,0.00022762499793316238,789,13,2005-09-17,2005-12-10
11,1,LightGBM,11.939083544434943,14.414252401473378,0.49226034447363365,0.008471542001643684,0.00023983400024008006,789,13,2005-09-17,2005-12-10
12,1,Persistence (baseline),4.230769230769231,5.356520110324211,-0.05138768430182128,0.0,0.0,802,13,2005-12-17,2006-03-12
12,1,XGBoost,4.408672186044546,5.449693832675888,-0.0882824208616757,0.012972582997463178,0.00024291700174217112,802,13,2005-12-17,2006-03-12
12,1,LightGBM,4.370732609938567,5.435267578608324,-0.08252831462076404,0.008475708000332816,0.00023712500114925206,802,13,2005-12-17,2006-03-12
13,1,Persistence (baseline),2.1538461538461537,3.012793235010175,-0.5278884462151396,0.0,0.0,815,13,2006-03-19,2006-06-11
13,1,XGBoost,2.542906742829543,3.292832819374709,-0.8251239123539362,0.013017375000345055,0.00022850000095786527,815,13,2006-03-19,2006-06-11
13,1,LightGBM,2.5404931818542624,3.314312157861242,-0.8490123490808927,0.00855283299824805,0.00023570799748995341,815,13,2006-03-19,2006-06-11
14,1,Persistence (baseline),3.769230769230769,4.480727962834061,0.3590857574612769,0.0,0.0,828,13,2006-06-18,2006-09-10
14,1,XGBoost,2.9684482721182017,3.469853196315056,0.615651695604033,0.013302374998602318,0.00021904100140091032,828,13,2006-06-18,2006-09-10
14,1,LightGBM,2.97376644559529,3.4828565640884404,0.612765586706393,0.008577208001952386,0.00023579199842060916,828,13,2006-06-18,2006-09-10
15,1,Persistence (baseline),7.615384615384615,9.515170074069172,-1.2621230041395628,0.0,0.0,841,13,2006-09-17,2006-12-10
15,1,XGBoost,7.489627104539138,9.334389014047675,-1.1769823014314005,0.013060166002105689,0.00022220800019567832,841,13,2006-09-17,2006-12-10
15,1,LightGBM,7.414014497706071,9.25045045173123,-1.1380057468404692,0.008614874997874722,0.0002369169997109566,841,13,2006-09-17,2006-12-10
16,1,Persistence (baseline),4.3076923076923075,5.643239658755761,-1.1023437499999997,0.0,0.0,854,13,2006-12-17,2007-03-12
16,1,XGBoost,3.9889958455012393,5.2039695022490955,-0.7877888515926716,0.01325541699770838,0.00022275000083027408,854,13,2006-12-17,2007-03-12
16,1,LightGBM,3.9772873448139285,5.169888679402857,-0.7644490522670351,0.008668791000673082,0.00023720799799775705,854,13,2006-12-17,2007-03-12
17,1,Persistence (baseline),6.769230769230769,7.775701798650618,0.20209276901452455,0.0,0.0,867,13,2007-03-19,2007-06-11
17,1,XGBoost,6.801744094261756,7.481598903062764,0.2613102887141667,0.013176292002754053,0.00022066599922254682,867,13,2007-03-19,2007-06-11
17,1,LightGBM,6.826725159157902,7.601230204028255,0.23749801625232636,0.008658333001221763,0.00023829199926694855,867,13,2007-03-19,2007-06-11
18,1,Persistence (baseline),12.153846153846153,17.47965850748983,0.6192147724255921,0.0,0.0,880,13,2007-06-18,2007-09-10
18,1,XGBoost,16.160344784076397,22.713013407231465,0.35706995893730353,0.01324729200132424,0.00022645900025963783,880,13,2007-06-18,2007-09-10
18,1,LightGBM,14.279462855696094,18.87325470663649,0.5560768369336715,0.008598167001764523,0.00023254199913935736,880,13,2007-06-18,2007-09-10
19,1,Persistence (baseline),19.0,26.911535987950767,0.6965839510151466,0.0,0.0,893,13,2007-09-17,2007-12-10
19,1,XGBoost,17.24217121417706,30.402563256187552,0.6127584246501995,0.013144417000148678,0.00021908299822825938,893,13,2007-09-17,2007-12-10
19,1,LightGBM,14.9127961913262,23.112573408196763,0.7762009782745506,0.00887404200329911,0.00024112499886541627,893,13,2007-09-17,2007-12-10
20,1,Persistence (baseline),2.769230769230769,3.328201177351375,0.6193574623830826,0.0,0.0,906,13,2007-12-17,2008-03-11
20,1,XGBoost,3.19635794712947,3.8014651509723847,0.503407441501481,0.013194082999689272,0.0002144169993698597,906,13,2007-12-17,2008-03-11
20,1,LightGBM,3.207893214759977,3.8065614676415,0.5020750660895326,0.008754208000027575,0.00023074999990058132,906,13,2007-12-17,2008-03-11
0,2,Persistence (baseline),2.769230769230769,3.6584990617212663,-1.098330241187384,0.0,0.0,646,13,2002-12-17,2003-03-12
0,2,XGBoost,2.919006421015813,3.5056583782360025,-0.926669083828823,0.013107750000926899,0.00023916699865367264,646,13,2002-12-17,2003-03-12
0,2,LightGBM,3.0198168592398877,3.556994736427509,-0.9835099747592189,0.007469583000784041,0.0002475830006005708,646,13,2002-12-17,2003-03-12
1,2,Persistence (baseline),2.5384615384615383,3.584153156068229,-0.31735436893203883,0.0,0.0,659,13,2003-03-19,2003-06-11
1,2,XGBoost,2.854819187751183,3.6815302401663295,-0.38990859809757095,0.013009999998757849,0.0002545409988670144,659,13,2003-03-19,2003-06-11
1,2,LightGBM,2.7778126948114976,3.597667723513019,-0.327307648815802,0.007508833001338644,0.00025725000159582123,659,13,2003-03-19,2003-06-11
2,2,Persistence (baseline),5.6923076923076925,6.373020054525532,0.16026425250795195,0.0,0.0,672,13,2003-06-18,2003-09-10
2,2,XGBoost,5.476284687335674,6.2228017837999055,0.19938447702002726,0.013372875000641216,0.0002513330000510905,672,13,2003-06-18,2003-09-10
2,2,LightGBM,5.55763312562206,6.294906266337132,0.18072329478431426,0.007574250001198379,0.00025179200019920245,672,13,2003-06-18,2003-09-10
3,2,Persistence (baseline),5.461538461538462,6.366982137438548,0.14018574297188757,0.0,0.0,685,13,2003-09-17,2003-12-10
3,2,XGBoost,5.611599995539739,6.507614917454207,0.10178341196731211,0.013262917000247398,0.00025004100098158233,685,13,2003-09-17,2003-12-10
3,2,LightGBM,5.761433879186265,6.598055454294978,0.07664373161723892,0.007645582998520695,0.0002553330014052335,685,13,2003-09-17,2003-12-10
4,2,Persistence (baseline),4.769230769230769,5.629592142625227,-0.08729192042224931,0.0,0.0,698,13,2003-12-17,2004-03-11
4,2,XGBoost,3.8410089566157413,4.593480882426537,0.2761040888530544,0.013256292000733083,0.00024479199782945216,698,13,2003-12-17,2004-03-11
4,2,LightGBM,3.631604944568658,4.323055683467735,0.35882887438909983,0.007678541998757282,0.000252041998464847,698,13,2003-12-17,2004-03-11
5,2,Persistence (baseline),3.3846153846153846,4.076197322920545,-0.09601873536299754,0.0,0.0,711,13,2004-03-18,2004-06-10
5,2,XGBoost,3.6505937576293945,4.1304704010070274,-0.12539921505760399,0.013755499996477738,0.0002539159977459349,711,13,2004-03-18,2004-06-10
5,2,LightGBM,3.6382819187078557,4.105973402997824,-0.11208976270695348,0.007845666001230711,0.0002536249994591344,711,13,2004-03-18,2004-06-10
6,2,Persistence (baseline),5.538461538461538,6.9724733499228675,-1.3261608154020381,0.0,0.0,724,13,2004-06-17,2004-09-09
6,2,XGBoost,4.799909848433274,6.363432124509748,-0.9375318120464342,0.0133425839994743,0.0002459169991197996,724,13,2004-06-17,2004-09-09
6,2,LightGBM,4.753955133656863,6.267475442078099,-0.8795387832621167,0.007765792001009686,0.00025579200155334547,724,13,2004-06-17,2004-09-09
7,2,Persistence (baseline),6.461538461538462,8.00960961307392,-0.8822916666666667,0.0,0.0,737,13,2004-09-16,2004-12-09
7,2,XGBoost,5.2946074192340555,7.0581299925424,-0.4616504565251549,0.01343783299671486,0.00025045900110853836,737,13,2004-09-16,2004-12-09
7,2,LightGBM,5.542990036375945,7.245023068115008,-0.540081721270945,0.00788299999840092,0.0002562080007919576,737,13,2004-09-16,2004-12-09
8,2,Persistence (baseline),3.230769230769231,4.437601569801833,-0.526605504587156,0.0,0.0,750,13,2004-12-16,2005-03-12
8,2,XGBoost,3.656830567580003,4.4429958190971615,-0.5303191754123906,0.013392458997259382,0.0002499590009392705,750,13,2004-12-16,2005-03-12
8,2,LightGBM,3.689635951724024,4.53251766777023,-0.5926092078264813,0.007838166999135865,0.0002534580016799737,750,13,2004-12-16,2005-03-12
9,2,Persistence (baseline),3.5384615384615383,4.385290096535146,0.316365166175852,0.0,0.0,763,13,2005-03-19,2005-06-11
9,2,XGBoost,3.274659890394944,3.997271164448349,0.43199161278922726,0.013594000000011874,0.0002454999994370155,763,13,2005-03-19,2005-06-11
9,2,LightGBM,3.3091099802133432,4.096060455046124,0.4035689521486413,0.007919874999060994,0.00025316600294900127,763,13,2005-03-19,2005-06-11
10,2,Persistence (baseline),12.846153846153847,16.661794159555107,0.830135190911,0.0,0.0,776,13,2005-06-18,2005-09-10
10,2,XGBoost,15.447154265183668,18.481617164742435,0.7910031091698349,0.013484125000104541,0.00024654200024087913,776,13,2005-06-18,2005-09-10
10,2,LightGBM,15.165814114278614,19.842459355280884,0.7590921873775367,0.007976291999511886,0.000258250001934357,776,13,2005-06-18,2005-09-10
11,2,Persistence (baseline),10.384615384615385,13.958730380881846,0.5238446411012783,0.0,0.0,789,13,2005-09-17,2005-12-10
11,2,XGBoost,11.8028931250939,15.744565287555185,0.3942154578069754,0.01375854100115248,0.0002464580029482022,789,13,2005-09-17,2005-12-10
11,2,LightGBM,10.714474520210475,14.088056787019363,0.5149806937678045,0.00815633399906801,0.00025483300123596564,789,13,2005-09-17,2005-12-10
12,2,Persistence (baseline),4.230769230769231,5.356520110324211,-0.05138768430182128,0.0,0.0,802,13,2005-12-17,2006-03-12
12,2,XGBoost,3.9168782967787523,4.869991579908149,0.13093186469306384,0.013637374999234453,0.0002450419997330755,802,13,2005-12-17,2006-03-12
12,2,LightGBM,4.023072054038166,4.955754796246332,0.10005280865402644,0.008209999999962747,0.0002537500004109461,802,13,2005-12-17,2006-03-12
13,2,Persistence (baseline),2.1538461538461537,3.012793235010175,-0.5278884462151396,0.0,0.0,815,13,2006-03-19,2006-06-11
13,2,XGBoost,2.3127494958730845,2.9528963196276545,-0.4677408744875722,0.013692040996829746,0.0002449999992677476,815,13,2006-03-19,2006-06-11
13,2,LightGBM,2.3785827048338537,2.9564029441138104,-0.47122888863152634,0.008256042001448805,0.000252875001024222,815,13,2006-03-19,2006-06-11
14,2,Persistence (baseline),3.769230769230769,4.480727962834061,0.3590857574612769,0.0,0.0,828,13,2006-06-18,2006-09-10
14,2,XGBoost,2.6663629825298605,3.35417085162771,0.6408522676194535,0.01385587500044494,0.00025020799876074307,828,13,2006-06-18,2006-09-10
14,2,LightGBM,2.6697127205762334,3.3412195521332357,0.6436204329147708,0.008313834001455689,0.0002489590006007347,828,13,2006-06-18,2006-09-10
15,2,Persistence (baseline),7.615384615384615,9.515170074069172,-1.2621230041395628,0.0,0.0,841,13,2006-09-17,2006-12-10
15,2,XGBoost,6.148656331575834,7.3247320278447186,-0.34049928714888833,0.013631500001793029,0.0002372920025663916,841,13,2006-09-17,2006-12-10
15,2,LightGBM,6.028846054606243,7.1747062764880205,-0.28614921880620137,0.008353416000318248,0.0002557090010668617,841,13,2006-09-17,2006-12-10
16,2,Persistence (baseline),4.3076923076923075,5.643239658755761,-1.1023437499999997,0.0,0.0,854,13,2006-12-17,2007-03-12
16,2,XGBoost,4.131301146287185,4.965442986082419,-0.6276564312960664,0.014053999999305233,0.0002452080007060431,854,13,2006-12-17,2007-03-12
16,2,LightGBM,4.077444276547289,4.905467882130699,-0.5885745933992488,0.008412750001298264,0.0002534580016799737,854,13,2006-12-17,2007-03-12
17,2,Persistence (baseline),6.769230769230769,7.775701798650618,0.20209276901452455,0.0,0.0,867,13,2007-03-19,2007-06-11
17,2,XGBoost,5.928142070770264,7.173128011319731,0.3209677991655646,0.013825459001964191,0.00024354199922527187,867,13,2007-03-19,2007-06-11
17,2,LightGBM,5.902593848743318,7.120207903236245,0.33095002819638997,0.008428665998508222,0.000253415997576667,867,13,2007-03-19,2007-06-11
18,2,Persistence (baseline),12.153846153846153,17.47965850748983,0.6192147724255921,0.0,0.0,880,13,2007-06-18,2007-09-10
18,2,XGBoost,15.556156892042894,20.15468294992063,0.49374870672548143,0.014295917000708869,0.0002470840008754749,880,13,2007-06-18,2007-09-10
18,2,LightGBM,15.909270236599825,22.811589456370317,0.35147712688496247,0.00851637499727076,0.00025608299984014593,880,13,2007-06-18,2007-09-10
19,2,Persistence (baseline),19.0,26.911535987950767,0.6965839510151466,0.0,0.0,893,13,2007-09-17,2007-12-10
19,2,XGBoost,19.365203857421875,33.986824126084144,0.5160697781403198,0.01395691700236057,0.00025091700081247836,893,13,2007-09-17,2007-12-10
19,2,LightGBM,18.802005821331285,28.135410108944352,0.6683591064782357,0.008624916001281235,0.0002581249973445665,893,13,2007-09-17,2007-12-10
20,2,Persistence (baseline),2.769230769230769,3.328201177351375,0.6193574623830826,0.0,0.0,906,13,2007-12-17,2008-03-11
20,2,XGBoost,3.0431409432337833,3.8152309515328873,0.4998044247484065,0.01397558300232049,0.00024137500076903962,906,13,2007-12-17,2008-03-11
20,2,LightGBM,3.1923354972272007,3.941671968693271,0.4661009624676279,0.008221000000048662,0.00024662500072736293,906,13,2007-12-17,2008-03-11
0,4,Persistence (baseline),2.769230769230769,3.6584990617212663,-1.098330241187384,0.0,0.0,646,13,2002-12-17,2003-03-12
0,4,XGBoost,2.280367557819073,2.845731012624219,-0.2695670355841402,0.019250665998697514,0.0002760419993137475,646,13,2002-12-17,2003-03-12
0,4,LightGBM,2.5349855203578575,2.9716094506848316,-0.38436753333070484,0.008370833998924354,0.0002520829984860029,646,13,2002-12-17,2003-03-12
1,4,Persistence (baseline),2.5384615384615383,3.584153156068229,-0.31735436893203883,0.0,0.0,659,13,2003-03-19,2003-06-11
1,4,XGBoost,2.340926537146935,3.3389985540750504,-0.14330462206036532,0.019123417001537746,0.0002709580003283918,659,13,2003-03-19,2003-06-11
1,4,LightGBM,2.260766381164652,3.303911883457471,-0.11940285254071781,0.008544167001673486,0.00025275000007241033,659,13,2003-03-19,2003-06-11
2,4,Persistence (baseline),5.6923076923076925,6.373020054525532,0.16026425250795195,0.0,0.0,672,13,2003-06-18,2003-09-10
2,4,XGBoost,6.221273275522085,7.20894879783053,-0.07447410424350864,0.01897629100130871,0.0002691670015337877,672,13,2003-06-18,2003-09-10
2,4,LightGBM,5.471581890535943,6.224808886320519,0.1988679326602253,0.008537124998838408,0.0002595000005385373,672,13,2003-06-18,2003-09-10
3,4,Persistence (baseline),5.461538461538462,6.366982137438548,0.14018574297188757,0.0,0.0,685,13,2003-09-17,2003-12-10
3,4,XGBoost,5.216229071983924,6.396028641645847,0.13232281337557372,0.01909120799973607,0.00026729200180852786,685,13,2003-09-17,2003-12-10
3,4,LightGBM,5.464475115100179,6.411239112561625,0.12819103966160195,0.008517749996826751,0.0002548749980633147,685,13,2003-09-17,2003-12-10
4,4,Persistence (baseline),4.769230769230769,5.629592142625227,-0.08729192042224931,0.0,0.0,698,13,2003-12-17,2004-03-11
4,4,XGBoost,4.289990205031175,4.977212820556773,0.15010608588542707,0.01903400000082911,0.0002666670006874483,698,13,2003-12-17,2004-03-11
4,4,LightGBM,4.112706458853738,4.894259106440914,0.1781998574978506,0.008503165998263285,0.00024954100081231445,698,13,2003-12-17,2004-03-11
5,4,Persistence (baseline),3.3846153846153846,4.076197322920545,-0.09601873536299754,0.0,0.0,711,13,2004-03-18,2004-06-10
5,4,XGBoost,3.178532233605018,3.791739993609675,0.051614996770293686,0.01901233299940941,0.000269124997430481,711,13,2004-03-18,2004-06-10
5,4,LightGBM,3.280782486317537,3.831791428435742,0.031473958577407535,0.008744582999497652,0.00025158300195471384,711,13,2004-03-18,2004-06-10
6,4,Persistence (baseline),5.538461538461538,6.9724733499228675,-1.3261608154020381,0.0,0.0,724,13,2004-06-17,2004-09-09
6,4,XGBoost,4.486219626206618,5.753338865809909,-0.5838203481647124,0.019165666999469977,0.00026658299975679256,724,13,2004-06-17,2004-09-09
6,4,LightGBM,4.553089387039074,5.6887367861486515,-0.5484517926193855,0.008738790998904733,0.0002528340010030661,724,13,2004-06-17,2004-09-09
7,4,Persistence (baseline),6.461538461538462,8.00960961307392,-0.8822916666666667,0.0,0.0,737,13,2004-09-16,2004-12-09
7,4,XGBoost,5.519621482262244,7.7571344002672085,-0.7654964693652264,0.019173459000739967,0.0002688329986995086,737,13,2004-09-16,2004-12-09
7,4,LightGBM,5.069987660018616,6.877648651608165,-0.38785531506415394,0.008841666996886488,0.00025624999761930667,737,13,2004-09-16,2004-12-09
8,4,Persistence (baseline),3.230769230769231,4.437601569801833,-0.526605504587156,0.0,0.0,750,13,2004-12-16,2005-03-12
8,4,XGBoost,3.392982189471905,4.0977327503134,-0.30171968537407445,0.019185750003089197,0.00026920900199911557,750,13,2004-12-16,2005-03-12
8,4,LightGBM,3.296594531257069,3.9611970428433043,-0.21641874314998244,0.008834583997668233,0.0002525409981899429,750,13,2004-12-16,2005-03-12
9,4,Persistence (baseline),3.5384615384615383,4.385290096535146,0.316365166175852,0.0,0.0,763,13,2005-03-19,2005-06-11
9,4,XGBoost,3.514154287484976,4.545508235206299,0.2654989430670005,0.019288375002361136,0.00028537499747471884,763,13,2005-03-19,2005-06-11
9,4,LightGBM,3.636520235031839,4.511157977647212,0.2765581984476181,0.009064166999451118,0.000267332998191705,763,13,2005-03-19,2005-06-11
10,4,Persistence (baseline),12.846153846153847,16.661794159555107,0.830135190911,0.0,0.0,776,13,2005-06-18,2005-09-10
10,4,XGBoost,17.47701336787297,21.779652423226196,0.7097569862443585,0.01947275000202353,0.00028941699929418974,776,13,2005-06-18,2005-09-10
10,4,LightGBM,16.478862861556525,21.333753993594904,0.7215197172771766,0.009200917000271147,0.0002542909969633911,776,13,2005-06-18,2005-09-10
11,4,Persistence (baseline),10.384615384615385,13.958730380881846,0.5238446411012783,0.0,0.0,789,13,2005-09-17,2005-12-10
11,4,XGBoost,12.04697902386005,19.117133075472186,0.10689531902831517,0.01983812500111526,0.00026979199901688844,789,13,2005-09-17,2005-12-10
11,4,LightGBM,9.216811103763408,11.628988600070109,0.6695233888536825,0.009240707997378195,0.0002596670019556768,789,13,2005-09-17,2005-12-10
12,4,Persistence (baseline),4.230769230769231,5.356520110324211,-0.05138768430182128,0.0,0.0,802,13,2005-12-17,2006-03-12
12,4,XGBoost,4.1699808560884914,4.905875060133749,0.11807760020521452,0.01986024999860092,0.000269042000581976,802,13,2005-12-17,2006-03-12
12,4,LightGBM,4.305229114347255,5.01901777029477,0.07692949805456162,0.009053750000020955,0.0002517079992685467,802,13,2005-12-17,2006-03-12
13,4,Persistence (baseline),2.1538461538461537,3.012793235010175,-0.5278884462151396,0.0,0.0,815,13,2006-03-19,2006-06-11
13,4,XGBoost,2.022295364966759,2.484501491943305,-0.03903820231691024,0.01969016699877102,0.0002696250012377277,815,13,2006-03-19,2006-06-11
13,4,LightGBM,2.3494571764569168,2.671648640317747,-0.2014665251849319,0.009060000000317814,0.00025224999990314245,815,13,2006-03-19,2006-06-11
14,4,Persistence (baseline),3.769230769230769,4.480727962834061,0.3590857574612769,0.0,0.0,828,13,2006-06-18,2006-09-10
14,4,XGBoost,3.0691767839285045,3.8024810843129075,0.5384307244015467,0.019705125003383728,0.00027179199969395995,828,13,2006-06-18,2006-09-10
14,4,LightGBM,2.97740511929968,3.6971175570852273,0.5636557194893418,0.009144958999968367,0.0002507919998606667,828,13,2006-06-18,2006-09-10
15,4,Persistence (baseline),7.615384615384615,9.515170074069172,-1.2621230041395628,0.0,0.0,841,13,2006-09-17,2006-12-10
15,4,XGBoost,6.6298472331120415,7.891208670927092,-0.5558587307349825,0.01973800000268966,0.00027587500153458677,841,13,2006-09-17,2006-12-10
15,4,LightGBM,6.582779285740695,7.813171324194932,-0.5252386454563154,0.009259458998712944,0.00025233300038962625,841,13,2006-09-17,2006-12-10
16,4,Persistence (baseline),4.3076923076923075,5.643239658755761,-1.1023437499999997,0.0,0.0,854,13,2006-12-17,2007-03-12
16,4,XGBoost,3.7771663665771484,4.428035152514534,-0.29440105769993963,0.020053874999575783,0.0004322080021665897,854,13,2006-12-17,2007-03-12
16,4,LightGBM,3.686039989587096,4.437866725427966,-0.3001553598748694,0.009954541998013156,0.00026758400053950027,854,13,2006-12-17,2007-03-12
17,4,Persistence (baseline),6.769230769230769,7.775701798650618,0.20209276901452455,0.0,0.0,867,13,2007-03-19,2007-06-11
17,4,XGBoost,5.763453483581543,7.094281189226409,0.3358135620009235,0.020099958001082996,0.00028037499942001887,867,13,2007-03-19,2007-06-11
17,4,LightGBM,5.802958484329974,6.997425663049298,0.353825531877772,0.009479915999691002,0.00026362499920651317,867,13,2007-03-19,2007-06-11
18,4,Persistence (baseline),12.153846153846153,17.47965850748983,0.6192147724255921,0.0,0.0,880,13,2007-06-18,2007-09-10
18,4,XGBoost,16.190053646381084,22.51578625350809,0.36818717313863025,0.020216042001266032,0.0002802079980028793,880,13,2007-06-18,2007-09-10
18,4,LightGBM,16.075598739109754,23.306684899298645,0.3230209742471606,0.009361958000226878,0.0002652910006872844,880,13,2007-06-18,2007-09-10
19,4,Persistence (baseline),19.0,26.911535987950767,0.6965839510151466,0.0,0.0,893,13,2007-09-17,2007-12-10
19,4,XGBoost,17.408718842726486,27.810829990674645,0.6759668242986558,0.020320583000284387,0.00027520799994817935,893,13,2007-09-17,2007-12-10
19,4,LightGBM,15.87719468421987,27.47010629374612,0.6838579562595477,0.009495415997662349,0.00027545899865799583,893,13,2007-09-17,2007-12-10
20,4,Persistence (baseline),2.769230769230769,3.328201177351375,0.6193574623830826,0.0,0.0,906,13,2007-12-17,2008-03-11
20,4,XGBoost,2.9583423687861514,3.9504847319539147,0.4637109179868305,0.02041224999993574,0.0002818329994624946,906,13,2007-12-17,2008-03-11
20,4,LightGBM,3.179961991197847,4.0477863348754,0.4369676612517528,0.009791541000595316,0.0002593749995867256,906,13,2007-12-17,2008-03-11
